39D328BF,CBFC15BF,24528DBE,AE07C3BE,E7FF3FFF,A9006000,E0FF81FF,01000100,D7831500,E8030000,
9B6731BF,787C0A3F,7E33843E,A7BDCCBE,E7FF3FFF,AB00A3FF,3A00DEFF,01000100,D7831500,E8030000,
E6B1AC3E,DAB6573F,A76FBE3E,6684443E,E7FF40FF,AA0051FF,1B017500,01000100,D7831500,E8030000,
B05E5B3F,AC310BBE,DC6F9EBD,B313FB3E,E7FF3FFF,AF004DFF,06017100,01000100,D7831500,E8030000,
59F38E3D,C23566BF,DB08DCBE,7E50243D,E5FF41FF,A900B7FF,CCFF2700,01000100,D7831500,E8030000,
353E51BF,526E98BE,667B06BE,BDE0F1BE,EAFF3DFF,AC00B8FF,08002100,01000100,D7831500,E8030000,
B099EDBE,28B6413F,D729C13E,6D3487BE,E5FF40FF,A70092FF,2AFF4300,01000100,D7831500,E8030000,
EC28173F,5DC92A3F,0495933E,7BADB13E,E6FF3EFF,AB009DFF,5000EC00,01000100,D7831500,E8030000,
4C92423F,273FE1BE,B07D6ABE,8EE3D63E,E5FF3EFF,A90069FF,2C003300,01000100,D7831500,E8030000,
304E68BE,3AEB61BF,0EC7C3BE,16791ABE,E6FF3FFF,A40079FF,B4001E00,01000100,D7831500,E8030000,
F19A60BF,638C713C,512D1E3D,F8FDF3BE,E6FF40FF,A400CEFF,2100F8FF,01000100,D7831500,E8030000,
221E40BE,68A5653F,81B4C73E,8DA7B4BD,E8FF3FFF,A900A4FF,D2006900,01000100,D7831500,E8030000,
3FF8493F,CB8CD33E,9229273E,615FD73E,E5FF3FFF,AA003A00,D8FFD2FF,01000100,D7831500,E8030000,
1F940F3F,904134BF,95429EBE,83109D3E,E6FF41FF,AA000CFF,E500B500,01000100,D7831500,E8030000,
996004BF,A32F3DBF,2A05A8BE,A4708DBE,E9FF3BFF,AE00D6FF,1800C2FF,01000100,D7831500,E8030000,
F8E24FBF,3A57AE3E,87FB253E,C0B8E3BE,E7FF3EFF,AC00CEFF,A5FF8400,01000100,D7831500,E8030000,
418F013E,9680673F,5B44CD3E,B5C78E3D,E7FF40FF,A600A8FF,29003200,01000100,D7831500,E8030000,
3CAA5A3F,39F2B43D,3EFFD73C,46FC023F,E8FF40FF,A90008FE,2B027900,01000100,D7831500,E8030000,
BBD28B3E,59305BBF,11A8CFBE,FAC72A3E,E7FF41FF,AA0084FF,1A015B00,01000100,D7831500,E8030000,
9CD337BF,790EF2BE,86FB8FBE,4E47D8BE,DEFF48FF,A5008400,DCFF6CFD,01000100,D7831500,E8030000,
F09113BF,29CE0C3F,64B8EC3E,6B87C5BE,DBFF32FF,A000CEF5,40F91307,01000100,D7831500,E8030000,
