270A693F,76411ABE,43909F3E,A9D0613E,4F0098FF,12FF690B,78171FF1,01000100,6A280000,E8030000,
E3557B3F,232ADC3D,4AA3F63D,0FC9CB3D,50009FFF,2CFF30F7,2FEEDFFE,01000100,6A280000,E8030000,
C0A5373F,497C163D,806A2CBF,871D293E,4400A9FF,32FF1ED8,05B01F14,01000100,6A280000,E8030000,
697EF6BC,DFC69ABB,AABD7EBF,643FA53D,DCFFC7FF,20FF22DF,E2B0450C,01000100,6A280000,E8030000,
BC6439BF,9EC324BD,3ED02BBF,255517BE,AFFFE1FF,04FF0CD7,80B9C00B,01000100,6A280000,E8030000,
F8A263BF,D84E4DBE,E0E6D0BE,1B794FBD,88FFFAFF,1AFFB6F3,54E4FA03,01000100,6A280000,E8030000,
65A373BF,3FC59BBE,2C0808BC,9E54203D,64FF0900,1EFF63F1,83DF6805,01000100,6A280000,E8030000,
67B548BF,B0221DBF,EB658C3D,31BF7B3D,55FF1500,3AFF9601,C3F8F302,01000100,6A280000,E8030000,
E72B0CBF,E9B355BF,F7B483BC,066C5FBD,54FF1600,16FF2403,690D9103,01000100,6A280000,E8030000,
CA6E503C,BF833DBF,6341E9BE,1D6EFBBE,77FF0200,0DFF5817,D541E1F7,01000100,6A280000,E8030000,
8BA81B3F,B799A3BD,503E0FBF,6D0D0EBF,B8FFEAFF,06FFBB1F,E948CFF8,01000100,6A280000,E8030000,
D45A3B3F,C3F00D3F,9905B8BE,39B527BE,F5FFC8FF,FFFE331B,71326DFE,01000100,6A280000,E8030000,
3D4BD13E,8CDE5B3F,FBE8013E,A8C48E3E,3000B0FF,02FF7316,513119F8,01000100,6A280000,E8030000,
0546DFBD,22DF2F3F,3851033F,BB19003F,4900A5FF,10FF6A15,462C16F6,01000100,6A280000,E8030000,
A8AF07BF,4E59903E,48C5253F,36D6EE3E,6B00A1FF,20FF7E0C,DF1E28FB,01000100,6A280000,E8030000,
70C117BF,7292F03D,E340423F,04A9773E,800099FF,47FF32FF,21FD7702,01000100,6A280000,E8030000,
EE03C4BC,EA6AE03E,8385653F,911AE43C,650093FF,25FFA2E4,4BC69D14,01000100,6A280000,E8030000,
C7FB3A3F,A112F73E,4D27E93E,7C001CBE,1300AEFF,F7FE5CD4,8AA9051B,01000100,6A280000,E8030000,
44254E3F,9E62F13E,0678573C,C276B7BE,DCFFC3FF,01FFAEF2,88D81F08,01000100,6A280000,E8030000,
7277373F,5DD369BC,0C380ABF,1E30E1BE,A7FFE4FF,00FFA8DC,A9C04610,01000100,6A280000,E8030000,
882EB93E,E11C89BE,295451BF,66E6B6BE,77FFFAFF,22FF3CE9,96D76604,01000100,6A280000,E8030000,
9FB62FBE,50970DBF,0F504BBF,54BE33BE,59FF1300,2CFF9BDF,85CFCC0B,01000100,6A280000,E8030000,
55410BBF,83212DBF,0EC7FABE,4F27913D,40FF3400,57FFA6E6,1FD7450F,01000100,6A280000,E8030000,
A55A12BF,FF253CBF,E7936DBE,ABDE8F3E,30FF4400,71FF28F4,72EA9809,01000100,6A280000,E8030000,
DF5C2BBD,F29773BF,DDF781BE,57F9243E,33FF4400,69FFAC0F,53150FFF,01000100,6A280000,E8030000,
A0451C3F,2AD536BF,C2D24ABE,9CC58CBE,41FF4000,4FFF5D23,CB3D1DF8,01000100,6A280000,E8030000,
3C314A3F,CEED583E,99ACC43D,F34211BF,72FF1800,10FF7C36,4F5D35F4,01000100,6A280000,E8030000,
048C723E,A4E3613F,49678E3E,70E096BE,BDFFEFFF,FFFE652C,364FFDF8,01000100,6A280000,E8030000,
D1F1FDBE,0C114A3F,E9039E3E,8305383E,1500C1FF,FBFED81E,783FB7F1,01000100,6A280000,E8030000,
E45E52BF,13A39A3E,4C5B9B3E,838BBE3E,3F00ADFF,1AFF010F,D81AB9F2,01000100,6A280000,E8030000,
6DF139BF,4458B63E,E7570E3F,B0A1423E,4100A9FF,01FF8EF0,4DE90206,01000100,6A280000,E8030000,
62C6B5BE,B009FA3E,90594B3F,64DF69BD,2B00BBFF,FBFE2BE5,F7D7750A,01000100,6A280000,E8030000,
E9BF553E,C1AC003F,239E483F,47D696BE,0000DCFF,04FFCBE1,39CF0A0E,01000100,6A280000,E8030000,
C1E21C3F,5E4C9C3E,B874123F,C98FE6BE,DBFFE2FF,EFFE19E6,53D73F05,01000100,6A280000,E8030000,
E923B23E,34DD9D3E,2535043F,641938BF,DBFFD2FF,E8FE27FF,3C01D0ED,01000100,6A280000,E8030000,
26A882BD,F931E03E,8CFDAB3E,B6C454BF,D4FFEBFF,EFFEDB07,C90E8AF1,01000100,6A280000,E8030000,
61E618BF,6ACDF53E,92B7123D,559623BF,E7FFE8FF,05FFA50E,9518E0E7,01000100,6A280000,E8030000,
D2795ABF,807C9F3E,1FE26FBE,BB8AB0BE,F6FFDFFF,09FFAB09,B00D30F1,01000100,6A280000,E8030000,
E37F64BF,5201593D,9163E2BE,5E1C8FBD,0000CDFF,F3FEEA07,370AA7F9,01000100,6A280000,E8030000,
DA9E28BF,62097ABE,D72A2BBF,C573763E,1100B8FF,E6FE720B,EC15EAF8,01000100,6A280000,E8030000,
F30370BE,E95802BF,EC2432BF,1CF7E43E,4900A4FF,11FF650B,D516D0FC,01000100,6A280000,E8030000,
9F44593E,F29DDCBE,4E850FBF,18722C3F,4000ADFF,3BFFBF06,4403AEEF,01000100,6A280000,E8030000,
5D4D473F,2F8E84BE,675991BE,AA7DFC3E,6D00ABFF,21FF3B05,9B172AE2,01000100,6A280000,E8030000,
2C564E3F,E1DED13D,6D0D7EBE,FC08073F,3D004EFF,01FF2303,7FF75CF5,01000100,6A280000,E8030000,
F4C8163F,E93C0E3F,C1B7B93E,5663EB3E,60005CFF,1CFF4B2F,1E0CFDF6,01000100,6A280000,E8030000,
5BBD8E3E,9D5B1B3F,D8BD323F,1F26833E,7100A0FF,27FFB00E,0C0C78F8,01000100,6A280000,E8030000,
0BB9B8BD,5789D13E,F231663F,F989EBBD,50006CFF,17FF4D12,B90929EC,01000100,6A280000,E8030000,
506DDCBE,68799C3E,8CAF523F,0A9156BE,850041FF,1EFF3CF3,DB0C5CF9,01000100,6A280000,E8030000,
6A0CEABE,FA71D53E,8B3C403F,1FBE66BE,3B00BAFF,34FFF4E6,FD02060E,01000100,6A280000,E8030000,
52F0D13E,0AC9FF3E,68E2203F,F406DCBE,FAFFA3FF,F9FECFD0,FAAC5A33,01000100,6A280000,E8030000,
9761183F,12D2383F,2F2B403E,159497BE,0E008EFF,DEFEEEF0,CDF35A2A,01000100,6A280000,E8030000,
D02C013F,F14E573F,9681D73C,6A8542BE,FBFFB3FF,FDFEB6F4,2000740E,01000100,6A280000,E8030000,
8D10503E,D1DF793F,2FCD043D,05268EBD,0100A9FF,00FFFC02,5D092202,01000100,6A280000,E8030000,
C49509BE,C8007C3F,2DBE993D,7E9CACBD,F5FFAFFF,19FF4201,C8FDFEFC,01000100,6A280000,E8030000,
D836FBBE,84965C3F,08FD003E,F7A7F73C,EFFFAFFF,E1FE4F04,0E0800FA,01000100,6A280000,E8030000,
CDC331BF,1704343F,9EFB173E,48148E3C,E9FFC3FF,0DFFFDFC,8CFEA600,01000100,6A280000,E8030000,
69F563BF,1751DD3E,9D4FDE3D,6B46BA3D,F3FFADFF,F4FE8203,FA07D8FD,01000100,6A280000,E8030000,
DB687DBF,F16F8DBC,555B32BD,76A6063E,090094FF,FAFEF20D,A20F2600,01000100,6A280000,E8030000,
F0825EBF,54E0D5BE,C97E21BE,C130593E,1000A5FF,02FF3704,4C094DFD,01000100,6A280000,E8030000,
32AB28BF,914C2EBF,F7F861BE,BBC56C3E,1500A7FF,0CFF6803,9D09DAFE,01000100,6A280000,E8030000,
9FE596BE,96E569BF,009359BE,6D493A3E,19009EFF,03FF0807,D8093203,01000100,6A280000,E8030000,
62942EBD,AE3C7BBF,0DF9D6BC,FFD93C3E,23009AFF,09FFFFFD,7FFEC50C,01000100,6A280000,E8030000,
CB96483E,C87F74BF,3437DB3D,626A453E,270093FF,12FF9EFA,5DFB2209,01000100,6A280000,E8030000,
401E05BE,903CFEBE,E2A15E3D,27BD5A3F,0100B3FF,54FF6BC4,F3A91819,01000100,6A280000,E8030000,
E8CCAFBE,D441033F,AEB769BE,B775403F,68FF0D00,10FFF99C,0080F214,01000100,6A280000,E8030000,
D7F3AFBE,D3856B3F,FD1437BE,2A32C13C,4FFF1800,FEFEC6D2,F2BB0E0E,01000100,6A280000,E8030000,
96962FBF,B0C1EE3E,B43059BE,980F043F,4EFF3000,46FF7722,C02967FC,01000100,6A280000,E8030000,
A84DA9BE,6A380EBF,A62D3BBE,EB103D3F,5DFF0C00,FAFEC954,D278C6E9,01000100,6A280000,E8030000,
93E2D33E,F03C67BF,9251F0BC,02C5DE3D,C5FFCEFF,0CFF1439,EE649DE5,01000100,6A280000,E8030000,
32843F3F,E37A07BF,0662D83D,3629C4BE,2800A0FF,19FF9314,77289FF6,01000100,6A280000,E8030000,
55B55C3F,425285BE,64E3B13B,6540DEBE,3D0097FF,3DFFDD00,ACFFF301,01000100,6A280000,E8030000,
4475653F,0102AA3C,1C9202BE,C3EBD8BE,430088FF,10FFAD01,6EFFBE01,01000100,6A280000,E8030000,
D2915A3F,8635893E,784276BE,58FEBFBE,4A0080FF,11FFE1FE,28FFCB01,01000100,6A280000,E8030000,
6A413D3F,7A65583E,465D0BBF,7B7DABBE,400096FF,49FF7AEE,41E41109,01000100,6A280000,E8030000,
028E393E,CDAFC9BE,963752BF,168EBBBE,E7FFB2FF,CEFEFDCF,1CB49814,01000100,6A280000,E8030000,
8AE0D8BE,FCAE25BF,7D231CBF,309529BE,BFFFCEFF,01FFC6D7,F7C5260C,01000100,6A280000,E8030000,
F3890FBD,FA6322BF,AB7545BF,185E063D,B7FFD9FF,07FF7307,DD0BB7F8,01000100,6A280000,E8030000,
D85E793E,CA0609BF,F21F47BF,AAC4623E,B8FFD5FF,F6FECC01,0F06C1FA,01000100,6A280000,E8030000,
638C023F,C56ACABE,92D226BF,A822CC3E,B8FFE0FF,0DFF8B04,0B0732FE,01000100,6A280000,E8030000,
144C273F,D27949BE,5571F9BE,E16A0B3F,C4FFD0FF,FEFE2303,610282FE,01000100,6A280000,E8030000,
78503B3F,33CE9FBB,6F2582BE,16D7213F,C8FFCEFF,FFFE7502,14049BFF,01000100,6A280000,E8030000,
D4A13A3F,6EEB523E,71A47FBC,58FC263F,C8FFD2FF,06FF7801,AB010500,01000100,6A280000,E8030000,
6702233F,2F59CF3E,F40E8D3E,E470183F,D2FFC2FF,04FF4402,F3026CFF,01000100,6A280000,E8030000,
FA07F83E,1086093F,6F01033F,9635ED3E,D5FFBCFF,FCFEEA02,8803F9FD,01000100,6A280000,E8030000,
B09F8B3E,9E5F243F,21472A3F,8C34883E,D1FFC1FF,F9FE5F00,E700A200,01000100,6A280000,E8030000,
C73C663D,522C2A3F,85073E3F,A17B723D,D4FFC1FF,FCFE3300,F200E6FF,01000100,6A280000,E8030000,
FFF4FFBD,E474243F,C6DF3C3F,E83E27BE,D6FFC1FF,02FF4CFE,13FE2301,01000100,6A280000,E8030000,
AF8B9BBE,C7450F3F,E9CA2D3F,64ABBABE,D6FFBBFF,00FFC3FE,56FE5800,01000100,6A280000,E8030000,
3FB5EFBE,35D0E23E,BA720D3F,171F07BF,D5FFBEFF,02FFEEFF,EBFFAD00,01000100,6A280000,E8030000,
891716BF,5723963E,7D31CA3E,CD9B24BF,D8FFC0FF,03FFF5FE,FBFEAF00,01000100,6A280000,E8030000,
6C492BBF,8225E03D,6020403E,3AD735BF,D4FFBCFF,00FFC200,93FF4F00,01000100,6A280000,E8030000,
6CC62EBF,BA9EA3BD,9DC9A6BC,59BA39BF,D6FFBDFF,01FF86FF,1DFFFF00,01000100,6A280000,E8030000,
009C24BF,435685BE,6FDE93BE,E4DA28BF,D6FFBDFF,FAFEAA00,3002C3FF,01000100,6A280000,E8030000,
DB5B0ABF,0208C7BE,A02B07BF,40E306BF,D9FFBBFF,07FF3C01,F90217FF,01000100,6A280000,E8030000,
AA86CCBE,310002BF,4D2431BF,BBA2A4BE,DCFFB9FF,01FFA9FF,C3FFDAFF,01000100,6A280000,E8030000,
C00D72BE,4FA712BF,53AA47BF,5365ADBD,DCFFB9FF,01FF63FE,CCFEA9FF,01000100,6A280000,E8030000,
0151ACBD,F5C319BF,E66E47BF,C472203E,D8FFBCFF,07FF5AFD,50FC3F01,01000100,6A280000,E8030000,
3692803D,F5CC10BF,3D493ABF,AA7CC33E,D9FFB9FF,00FF3CFD,5BFC91FF,01000100,6A280000,E8030000,
A6A8913E,F50402BF,ED7117BF,9CB60E3F,DCFFB5FF,00FF9801,4B0138FF,01000100,6A280000,E8030000,
1BEFE03E,CAD5CCBE,2AF9DBBE,3DEB2D3F,DAFFB9FF,02FFCEFE,EEFEF0FF,01000100,6A280000,E8030000,
53150C3F,26768ABE,A31775BE,6323413F,DAFFB9FF,01FFA2FE,EEFEF700,01000100,6A280000,E8030000,
00EB1F3F,7F7EF7BD,0788D7BC,853C453F,DAFFBFFF,FFFE7EFE,A5FF3700,01000100,6A280000,E8030000,
A384283F,EA03433D,5736403E,64153A3F,DAFFBAFF,FDFEDBFE,E5FEFDFF,01000100,6A280000,E8030000,
CBE0223F,D7FE623E,CFC0C43E,776C213F,D6FFBDFF,FFFE34FE,56FEB000,01000100,6A280000,E8030000,
5A860E3F,1556CE3E,43110C3F,6C51F43E,D6FFBCFF,09FF6DFE,8FFCCD01,01000100,6A280000,E8030000,
9872C13E,31D1033F,17DE383F,1AEB873E,D5FFBBFF,F6FEB001,C7027CFF,01000100,6A280000,E8030000,
D80A373E,237E113F,1B704D3F,6397DF3C,D4FFBEFF,FFFEA5FF,D500C0FF,01000100,6A280000,E8030000,
B0FE19BD,EAA20E3F,34CF4C3F,12DF5FBE,D5FFBDFF,04FFD000,840037FF,01000100,6A280000,E8030000,
91A665BE,56DA023F,2FBC353F,5A92DBBE,D4FFC1FF,FFFEC6FF,6F003E01,01000100,6A280000,E8030000,
0323BABE,197DD33E,9FD7143F,DD3C19BF,D8FFBFFF,00FF81FE,98FE9000,01000100,6A280000,E8030000,
0E5CF9BE,86E7933E,AEB3D13E,EFF236BF,D8FFBAFF,01FFA9FE,04FFDCFF,01000100,6A280000,E8030000,
C96813BF,2590163E,072D443E,78D647BF,D7FFBBFF,00FFB5FF,F5FF4600,01000100,6A280000,E8030000,
06551BBF,1A2044BC,628202BD,832B4BBF,DAFFBBFF,03FFDAFE,B2FE0A01,01000100,6A280000,E8030000,
D24A1BBF,2B2326BE,123989BE,67ED3ABF,DBFFBCFF,02FF07FF,FCFFBEFF,01000100,6A280000,E8030000,
716B0CBF,D422A0BE,F98CFCBE,D71119BF,D8FFBBFF,02FF5AFF,8CFF2200,01000100,6A280000,E8030000,
BFCBE2BE,D132E6BE,684926BF,2EA9D8BE,D7FFBFFF,FDFE25FE,83FE9001,01000100,6A280000,E8030000,
15F791BE,064608BF,D03D46BF,F28040BE,DBFFBBFF,FFFE4FFF,73FFCAFF,01000100,6A280000,E8030000,
4DE3E9BD,037711BF,170150BF,1C936E3D,DAFFB9FF,00FF7EFE,C0FE5400,01000100,6A280000,E8030000,
2EA1903D,64E10EBF,F79446BF,11E0913E,D8FFB9FF,FCFEC7FE,BCFFB300,01000100,6A280000,E8030000,
43DB723E,6D0300BF,24B42DBF,90E6F63E,D9FFBAFF,01FFCFFE,11FF8F00,01000100,6A280000,E8030000,
B037CB3E,AD84C9BE,EF5404BF,C7DD253F,D8FFBBFF,01FF35FE,CDFE5500,01000100,6A280000,E8030000,
0C98FF3E,03238DBE,C423B2BE,204D3E3F,DBFFB7FF,02FFC0FE,ACFE4900,01000100,6A280000,E8030000,
1210153F,9C671CBE,5F4E0CBE,E538493F,D8FFBCFF,01FF23FF,8A006400,01000100,6A280000,E8030000,
138D1E3F,9A5719B9,C0FDB13D,649D473F,D8FFBBFF,FCFE95FE,72FFC700,01000100,6A280000,E8030000,
5F90153F,5D4F123E,3AD6A13E,2EB03B3F,D8FFBDFF,00FF83FE,C2005903,01000100,6A280000,E8030000,
32B9023F,86A88B3E,3EDE0F3F,AF29173F,DFFFBBFF,07FF1E00,8F01F200,01000100,6A280000,E8030000,
95A6A63E,9367BD3E,7AFB4C3F,416DAE3E,E5FFB7FF,FDFE8501,5104C400,01000100,6A280000,E8030000,
5785413E,3494D03E,CCA0623F,DCE0F03D,E1FFB8FF,02FFCEFF,C4013800,01000100,6A280000,E8030000,
DB9BD23D,4A5BDF3E,3E31623F,AF6107BE,E2FFBCFF,00FFD6FB,B7FBF401,01000100,6A280000,E8030000,
C1E1243F,FDDCD43E,8ED01F3F,B08010BE,D1FFD7FF,39FF84D4,25CD6812,01000100,6A280000,E8030000,
60B1323F,C6D0013F,17D8003F,6C1AF83C,A0FFFCFF,F8FE24E6,0FFB0C13,01000100,6A280000,E8030000,
5419F33E,93D9293F,EF20123F,DF17B53D,A5FF0100,F5FE16FA,2F0D4808,01000100,6A280000,E8030000,
2981B4BD,3948393F,3C582C3F,15D5E83D,BFFF1100,0EFF3E0A,971D6805,01000100,6A280000,E8030000,
97C5CABE,98B7163F,CEF5333F,FB953F3D,DBFF0800,16FF6AFE,DC0968FD,00000000,AE5C0000,E8030000,
E04B22BF,60B4E43E,17A7203F,68D385BD,DBFF0D00,EAFE28FE,5C096402,00000000,AE5C0000,E8030000,
5F57C1BE,486A083F,1F8A3D3F,E54021BE,DBFF2400,06FF7ADF,ECE95D09,00000000,AE5C0000,E8030000,
4B31203F,551CF03E,F06F1E3F,D63889BD,A1FF6800,27FF7399,F09D2517,00000000,AE5C0000,E8030000,
B0DE7B3F,B8EE323C,687D353C,3E382C3E,81FF9F00,3EFF87B1,13C7F313,00000000,AE5C0000,E8030000,
77CF6C3F,D915733E,DD8BDFBD,C8718C3E,89FFB100,A1FFDFF7,6CF2500A,00000000,AE5C0000,E8030000,
D9CC3E3F,DC46173F,16FF293D,F0939C3E,7BFFCA00,99FF1107,94FE3204,00000000,AE5C0000,E8030000,
1CABED3E,B47A4F3F,126E833E,02667E3E,75FFD100,8FFF4D07,7B03C4FE,00000000,AE5C0000,E8030000,
C688083E,8683653F,240AC93E,38741F3E,7BFFBE00,85FFFA04,B502CFFF,00000000,AE5C0000,E8030000,
3F7D47BE,FD765A3F,0A30F63E,B7F64C3D,85FFB600,89FFD803,8C02CDFE,00000000,AE5C0000,E8030000,
487DEABE,6FC4353F,9DF2063F,C814B7BD,80FFBA00,78FF8402,44FFDEFD,00000000,AE5C0000,E8030000,
Done transmitting files
